site1,site2,esp
cncn.com,cncnimg.cn,t
cdnprojectagora.s3.amazonaws.com,meteo.gr,f
d1rxszwbu8dsag.cloudfront.net,heroku.com,t
wistia.com,wistia.net,t
d2fdg90zlvlx3v.cloudfront.net,ecwid.com,t
tealiumiq.com,tiqcdn.com,t
vntsm.com,yandex.ru,f
17173.com,17173cdn.com,t
asadcdn.com,transfermarkt.de,f
google-analytics.com,newscred.com,f
doubleclick.net,rubiconproject.com,f
justpremium.com,justpremium.s3.amazonaws.com,t
douyu.com,douyucdn.cn,t
calameo.com,calameoassets.com,t
neoseeker.com,staticneo.com,t
doubleclick.net,moatads.com,f
spankcdn.net,spankwire.com,t
getty.edu,sekandocdn.net,f
knightlab.com,northwestern.edu,t
googletagmanager.com,quantserve.com,f
cleartrip.com,waytogo-assets.s3.amazonaws.com,f
ajax.googleapis.com,shopifycdn.com,f
bitauto.com,yccdn.com,f
googleadservices.com,tiqcdn.com,f
googletagmanager.com,opmnstr.com,f
cdn.live,sex.com,f
clarium.global.ssl.fastly.net,mathtag.com,f
office.com,office.net,t
jugantor.com,vlicdn3.com,f
d3lcz8vpax4lo2.cloudfront.net,google-analytics.com,f
automatad.com,googletagservices.com,f
chartbeat.com,google-analytics.com,f
googletagmanager.com,pdst.fm,f
amazon-adsystem.com,doubleclick.net,f
wsj.com,wsj.net,t
4dex.io,smartadserver.com,f
travelzoo.com,tzoo-img.com,t
adthrive.com,doubleclick.net,f
google-analytics.com,nativeroll.tv,f
wag-static.com,walgreens.com,t
kastatic.org,khanacademy.org,t
tiqcdn.com,xg4ken.com,f
edh.tw,everydayhealth.com.tw,t
klm.com,static-afkl.com,t
haodf.com,hdfimg.com,t
wbstatic.net,wildberries.ru,t
r2r.io,rome2rio.com,t
2mdn.net,cnn.com,f
assetsgarantibbva.com,garantibbva.com.tr,t
iggcdn.com,indiegogo.com,t
dewashczp74ht.cloudfront.net,storenvy.com,t
ampproject.org,proper.io,f
googletagmanager.com,qualaroo.com,f
flickr.com,staticflickr.com,t
nanorep.co,nanorep.com,t
huangye88.com,huangye88.net,t
brsrvr.com,tiqcdn.com,f
uicdn.com,web.de,t
werally.co,werally.com,t
dn-static.se,dn.se,t
cloudflare.com,googlesyndication.com,f
adsrvr.org,googletagmanager.com,f
inmobi.com,inmobicdn.net,t
franklyinc.com,worldnow.com,t
hs-analytics.net,hs-scripts.com,t
adition.com,cdn-eso.me,f
googlesyndication.com,lijit.com,f
koocdn.com,koolearn.com,t
static6.com,vidio.com,f
btserve.com,videoplayerhub.com,f
quantcount.com,tiqcdn.com,f
newrelic.com,nr-data.net,t
humanslinky.com,veniaminshows.com,t
milb.com,mlbstatic.com,t
researchgate.net,rgstatic.net,t
adobe.com,myportfolio.com,t
insider.com,tbistatic.com,t
cloudflare.com,newrelic.com,f
baidu.com,scdng.com,f
cisco.com,meraki.com,t
googletagmanager.com,skimresources.com,f
dayoo.cn,dayoo.com,t
check24.de,check24.net,t
exponential.com,tribalfusion.com,t
arstechnica.com,arstechnica.net,t
kq36.com,kq36.com.cn,t
bytedance.com,ipstatp.com,f
d1tntvpcrzvon2.cloudfront.net,zola.com,t
gumgum.com,quantserve.com,f
aamapi.com,segment.com,f
360.cn,360.com,t
eztv.io,velocitycdn.com,f
outbrain.com,wordpress.com,f
troypoint.com,troypoint.lpages.co,t
cnn.com,github.com,f
d1pspl52z5rk07.cloudfront.net,grabcad.com,t
zoopla.co.uk,zpg.co.uk,t
sap.com,sapvirtualevents.com,t
gameforge.com,gfsrv.net,t
googletagmanager.com,scorecardresearch.com,f
line-cdn.net,livedoor.jp,f
trrsf.com,trrsf.com.br,t
media.net,pub.network,f
kongcdn.com,kongregate.com,t
bbelements.com,ibillboard.com,t
trustpilot.com,trustpilot.net,t
bizographics.com,google-analytics.com,f
justatic.com,justia.com,t
sdlcdn.com,snapdeal.com,t
googletagmanager.com,yahoo.co.jp,f
netostatic.com,unimelb.edu.au,f
aminopay.net,clarium.global.ssl.fastly.net,f
dizilla.com,fileru.net,f
gbtcdn.com,gearbest.com,t
boostcdn.net,panorama.com.al,f
epwk.com,weikeimg.com,t
ad-srv.net,creative-serving.com,f
zafcdn.com,zaful.com,t
draftkings.com,kambicdn.com,f
clicrbs.com.br,rbsonline.com.br,t
huxiu.com,huxiucdn.com,t
4cdn.org,4chan.org,t
fileinbox.com,xda-developers.com,f
futurecdn.net,jwplatform.com,f
2mdn.net,e-webtrack.net,f
500px.com,500px.org,t
2mdn.net,brid.tv,f
air.tv,youtube.com,f
clipcentric.com,dd04hxczw43g1.cloudfront.net,t
zcool.cn,zcool.com.cn,t
cruisecritic.com,cruisecritic.net,t
cloudflare.com,ctctcdn.com,f
skyscanner.net,skyscnr.com,t
cafemom.com,cafemomstatic.com,t
googletagmanager.com,micpn.com,f
flixcdn.com,xhamsterpremium.com,t
2mdn.net,doubleverify.com,f
doubleclick.net,ns-cdn.com,f
evidon.com,w55c.net,f
quantserve.com,tiqcdn.com,f
googletagmanager.com,sojern.com,f
ravenjs.com,stackpathcdn.com,f
googletagmanager.com,naver.net,f
googletagmanager.com,marketo.com,f
xkw.com,zxxk.com,t
adition.com,adsafeprotected.com,f
wjx.cn,wjx.com,t
marktplaats.com,marktplaats.nl,t
namebright.com,namebrightstatic.com,t
snapengage.com,storage.googleapis.com,f
googletagmanager.com,sumo.com,f
cdn-immedia.net,gds.it,f
tesla.com,twiliocdn.com,f
googletagmanager.com,imrworldwide.com,f
huanqiu.com,huanqiucdn.cn,t
rasset.ie,rte.ie,t
flock.com,flockcdn.com,t
1stdibs.com,1stdibscdn.com,t
e-planning.net,navdmp.com,f
geoedge.be,googletagservices.com,f
googletagmanager.com,optimizely.com,f
adition.com,usemax.de,f
thumbtack.com,thumbtackstatic.com,t
cookiebot.com,googletagmanager.com,f
indexww.com,nbcuni.com,f
adform.net,mathtag.com,f
esomecdn.s3.amazonaws.com,harley-davidson.com,f
borderfree.com,google-analytics.com,f
facebook.net,googletagmanager.com,f
projectagora.net,projectagoraservices.com,t
evite.com,evitecdn.com,t
browsiprod.com,doubleclick.net,f
misionesonline.net,misionesonline.news,t
jstv.com,yfcdn.net,f
baidu.com,googletagmanager.com,f
scorecardresearch.com,tiqcdn.com,f
bcicdn.com,bongacams.com,t
allrecipes.com,pathwrightcdn.com,f
logme.in,logmein.com,t
mercadolibre.com,mercadolibre.com.ar,t
clarium.global.ssl.fastly.net,doubleclick.net,f
ensighten.com,ntv.io,f
360.cn,360tpcdn.com,t
doubleclick.net,nervoussummer.com,f
googletagmanager.com,karte.io,f
sumo.com,sumome.com,t
redimg.cn,rednet.cn,t
googletagmanager.com,veinteractive.com,f
googletagmanager.com,rtb123.com,f
consensu.org,googletagmanager.com,f
d3j2s6hdd6a7rg.cloudfront.net,liverpoolfc.com,t
e-junkie.com,fatfreecartpro.com,t
cloudflare.com,jquery.com,f
k-img.com,kakaku.com,t
liepin.com,lietou-static.com,t
df80k0z3fi8zg.cloudfront.net,googletagservices.com,f
nipic.com,ntimg.cn,f
adition.com,adrcdn.com,t
googletagmanager.com,permutive.com,f
myfonts.com,myfonts.net,t
d2lcoyv3ods5zz.cloudfront.net,elasticad.net,f
googletagmanager.com,twitter.com,f
googletagmanager.com,outbrain.com,f
go.com,wdpromedia.com,t
kaskus.co.id,kaskus.id,t
doubleclick.net,realvu.net,f
googletagmanager.com,mail.ru,f
addthis.com,facebook.com,f
4399.com,me4399.com,t
d1z2jf7jlzjs58.cloudfront.net,parsely.com,f
icy-veins.com,zamimg.com,f
googletagmanager.com,owneriq.net,f
licess.com,licess.org,t
meetup.com,meetupstatic.com,t
chess.com,chesscomfiles.com,t
googletagservices.com,media.net,f
d3lcz8vpax4lo2.cloudfront.net,df80k0z3fi8zg.cloudfront.net,f
googletagservices.com,htlbid.com,f
cdn-image.com,iyfubh.com,f
adomega-cdn-asia.s3.ap-south-1.amazonaws.com,firstpost.com,f
doubleclick.net,google.de,t
livechat-static.com,livechatinc.com,t
s3.amazonaws.com,tiqcdn.com,f
googleadservices.com,yahoo.co.jp,f
googletagservices.com,h-bid.com,f
engagesciences.com,wayin.com,t
clarium.global.ssl.fastly.net,googletagservices.com,f
app-us1.com,trackcmp.net,f
globo.com,globovideos.com,t
googletagmanager.com,stack-sonar.com,f
edge-cdn.net,springeropen.com,f
duba.com,taobaocdn.com,f
fx678.com,fx678img.com,t
github.com,githubassets.com,t
cnevids.com,google.com,f
assets-queue-it.net,fabletics.com,f
cdn-go.cn,qq.com,f
rcstatic.com,rentalcars.com,t
pingdom.com,pingdom.net,t
dpreview.com,img-dpreview.com,t
cookiepro.com,onetrust.com,t
bcrncdn.com,bongacams.com,t
licdn.com,segment.com,f
adrtx.net,xplosion.de,f
quantummetric.com,tiqcdn.com,f
fie-data.co.uk,future-fie.co.uk,t
krxd.net,zdbb.net,f
chase.com,chasecdn.com,t
baidu.com,baidustatic.com,t
googletagmanager.com,myvisualiq.net,f
adition.com,clarium.global.ssl.fastly.net,f
meetrics.net,mxcdn.net,t
ajax.googleapis.com,opmnstr.com,f
china.cn,china.org.cn,t
2gis.com,2gis.ru,t
googletagmanager.com,redditstatic.com,f
blu-ray.com,static-bluray.com,t
simplemachines.org,simplemachinesweb.com,t
bac-assets.com,bankofamerica.com,t
ensighten.com,pbbl.co,f
facebook.net,hs-analytics.net,f
mediabistro.com,mpassets.s3.amazonaws.com,f
deloitte.com,deloitte.cz,t
gmx.net,uicdn.com,t
qualaroo.com,s3.amazonaws.com,f
adobedtm.com,chartbeat.com,f
ptgncdn.com,spankbang.com,f
mcclatchyinteractive.com,omtrdc.net,f
liveperson.com,liveperson.net,t
dcassets1234567890.com,milenio.com,f
elespectador.com,if-cdn.com,f
cdnvideo.ru,getcourse.ru,f
google.com,ivideosmart.com,f
syr.edu,syracuse.edu,t
meredith.com,meredith.services,t
rbxcdn.com,roblox.com,t
digitru.st,gumgum.com,f
newgrounds.com,ngfiles.com,t
projectagoralibs.com,taboola.com,f
doubleclick.net,google.com,t
wisc.cloud,wisc.edu,t
asda.com,assets-asda.com,t
etimg.com,indiatimes.com,f
googletagmanager.com,teads.tv,f
googletagservices.com,tribalfusion.com,f
ensighten.com,googleadservices.com,f
pardot.com,wistia.com,f
ajax.googleapis.com,google.com,t
clarium.global.ssl.fastly.net,d3lcz8vpax4lo2.cloudfront.net,f
onetrust.com,windows.net,f
trulia.com,zillowstatic.com,t
discoverlosangeles.com,latourism.org,t
alooma.com,wibbitz.com,f
pubnub.com,pubnub.github.io,t
jsuol.com,jsuol.com.br,t
2mdn.net,doubleclick.net,t
ads-twitter.com,googletagmanager.com,f
dcdn.es,milanuncios.com,f
akurat.co,cdn-javascript.net,f
fengniao.com,img-space.com,f
guoshipartners.com,scorecardresearch.com,f
pxgcdn.com,threadless.com,f
googletagmanager.com,smartnews-ads.com,f
googletagmanager.com,ubembed.com,f
googletagmanager.com,rfihub.net,f
infcdn.net,informer.com,t
crazyegg.com,crazyeggcdn.com,t
bowercdn.net,cuevana3.io,f
2mdn.net,jwplatform.com,f
zhaopin.cn,zhaopin.com,t
yandex.ru,yastatic.net,t
etrade.com,etrade.net,t
bt.co.uk,bt.com,t
adobedtm.com,googletagmanager.com,f
livetv.sx,livetv280.me,t
m-t.io,webgains.io,f
doubleclick.net,scorecardresearch.com,f
qnap.com,static.myqnapcloud.com,t
rhombusads.com,sharethis.com,f
winscp-static-746341.c.cdn77.org,winscp.net,t
ionos.com,uicdn.net,t
d16fk4ms6rqz1v.cloudfront.net,googletagmanager.com,f
finalsitecdn.com,uchicago.edu,f
youporn.com,ypncdn.com,t
pornolab.biz,pornolab.net,t
adobedtm.com,marketo.net,f
jiayuan.com,jyimg.com,t
google-analytics.com,opmnstr.com,f
weheartit.com,whicdn.com,t
hktdc.com,tdctrade.com,t
orange.com,orange.fr,t
c212.net,mathtag.com,f
hotjar.com,tiqcdn.com,f
gstatic.com,recaptcha.net,t
bbc.co.uk,bbc.com,t
criteo.net,google.com,f
googletagmanager.com,yieldoptimizer.com,f
adnxs.com,doubleclick.net,f
micpn.com,tiqcdn.com,f
btstatic.com,googleadservices.com,f
uacdn.net,unacademy.com,t
cloudflare.com,jsdelivr.net,f
zoho.com,zoho.com.au,t
aljazeera.com,aljazeera.net,t
googlesyndication.com,proper.io,f
azure.net,microsoft.com,t
googletagmanager.com,upsellit.com,f
nativeroll.tv,seedr.com,f
kxcdn.com,printfriendly.com,f
f1cdn.com.br,fgv.br,f
2mdn.net,cnevids.com,f
d1j3qugeyybc8o.cloudfront.net,kbb.com,t
facebook.net,hsadspixel.net,f
ad.gt,google-analytics.com,f
doubleclick.net,ensighten.com,f
boardgamegeek.com,geekdo-static.com,t
58.com,58cdn.com.cn,t
torrentdownloads.me,velocitycdn.com,f
cloudflare.com,youtube.com,f
astrologyanswers.com,swarmcdn.com,f
bleacherreport.com,bleacherreport.net,t
libe.com,liberation.fr,t
d3329inlf62scx.cloudfront.net,mynewsdesk.com,t
1rx.io,taboola.com,f
cxense.com,googletagmanager.com,f
tutu.ru,tutu.travel,t
imasdk.googleapis.com,jwplayer.com,f
meetme.com,meetmecdna.com,t
padlet.com,padlet.net,t
gitlab-static.net,gitlab.com,t
36kr.com,36krcdn.com,t
livetv.sx,livetv258.me,t
dgyqr055mfays.cloudfront.net,podio.com,t
gog-statics.com,gog.com,t
aniview.com,outbrain.com,f
dwin2.com,googletagmanager.com,f
adition.com,flashtalking.com,f
assets-shop-gandi.global.ssl.fastly.net,gandi.net,t
device9.com,flashtalking.com,t
brightspotcdn.com,doubleclick.net,f
googletagmanager.com,treasuredata.com,f
localsearchprofiles.com,usbank.com,f
qtastatic.com,questia.com,t
booking.com,bstatic.com,t
ef-cdn.com,ef.com,t
viafoura.co,viafoura.net,t
forumotion.com,redcdn.net,f
filesonload.ru,tomsk.ru,f
pingan.com,yztcdn.com,f
scdn.co,spotify.com,t
covers.com,eacdn.com,f
d2cmuesa4snpwn.cloudfront.net,podio.com,t
moatads.com,outbrain.com,f
eset.com,esetstatic.com,t
si.edu,smithsonian.museum,t
brightspotcdn.com,media.net,f
2mdn.net,brightcove.net,f
hexun.com,hexunimg.cn,t
everestjs.net,tiqcdn.com,f
garmin.com,garmincdn.com,t
collegedunia.com,static-collegedunia.com,t
pinterest.com,sumo.com,f
google-analytics.com,googletagmanager.com,t
adnxs.com,googlesyndication.com,f
yoox.biz,yoox.com,t
rsc-cdn.org,rsc.org,t
as.com,epimg.net,f
emblstatic.net,europepmc.org,f
cloudflare.com,d2rjda70y84s5v.cloudfront.net,f
doubleclick.net,google-analytics.com,t
d31vxm9ubutrmw.cloudfront.net,thisiswaldo.com,t
deviantart.com,deviantart.net,t
lowes.com,lowescdn.com,t
jg-cdn.com,justgiving.com,t
bshare.cn,optimix.cn,f
consensu.org,servebom.com,f
adobedtm.com,serving-sys.com,f
googletagservices.com,nbcuni.com,f
doubleverify.com,mediaplex.com,f
amazon-adsystem.com,brightspotcdn.com,f
crazyegg.com,googletagmanager.com,f
d3igejkwe1ucjd.cloudfront.net,jobvite.com,t
yandex.net,yandex.ru,t
720static.com,720yun.com,t
assettype.com,sakshi.com,f
themoneytizer.com,themoneytizer.net,t
cdn-mw.com,merriam-webster.com,t
adform.net,cloudflare.com,f
bkrtx.com,ensighten.com,f
googletagservices.com,pub.network,f
arkadiumhosted.com,twitter.com,f
pplive.cn,pptv.com,t
adroll.com,segment.com,f
qhimg.com,qhres.com,t
accenture.com,acn-client-stories-mtspace-de-997929.c.cdn77.org,f
googletagmanager.com,windows.net,f
google-analytics.com,hotjar.com,f
cdn-hotels.com,flyfrontier.com,f
doubleclick.net,doubleverify.com,f
crhoy.com,crhoy.net,t
cmcdn.de,kurier.at,f
googletagservices.com,mathtag.com,f
chefkoch-cdn.de,chefkoch.de,t
ecwid-static.s3.amazonaws.com,ecwid.com,t
huanqiu.cn,huanqiu.com,t
icook.network,icook.tw,t
jumia.com,jumia.com.ng,t
googletagmanager.com,youtube.com,t
bizible.com,googletagmanager.com,f
twitter.com,wp.com,f
adnxs.com,geoedge.be,f
d31qbv1cthcecs.cloudfront.net,googletagmanager.com,f
livetex.me,livetex.ru,t
invisionapp-cdn.com,invisionapp.com,t
googletagservices.com,mcclatchyinteractive.com,f
exelator.com,googletagmanager.com,f
taboola.com,taboola.com.cn,t
lianjia.com,ljcdn.com,t
propublica.org,propublica.s3.amazonaws.com,t
sapo.io,sapo.pt,t
indiatoday.com,indiatoday.in,t
tampermonkey.freetls.fastly.net,tampermonkey.net,t
dsp-rambler.ru,rambler.ru,t
t8tcdn.com,to8to.com,t
newsimg.cn,xinhuanet.com,t
evbstatic.com,eventbrite.com,t
googletagmanager.com,trustarc.com,f
ubi.com,ubisoft.com,t
51f.com,focus.cn,t
gcimg.net,gongchang.com,f
fansided.com,stubhubstatic.com,f
googletagmanager.com,sail-horizon.com,f
hardrefreshcdn.com,theringer.com,f
segment.com,segment.io,t
amazon-adsystem.com,media.net,f
cdnst.net,speedtest.net,f
pixiv.net,pximg.net,t
s6img.com,society6.com,t
cdntvn.pl,tvn24.pl,t
filehippo.com,filehippo.net,t
adpushup.com,doubleclick.net,f
ampproject.org,criteo.net,f
elbalad.news,elbalad.tv,t
yatra.com,yatracdn.com,t
d1lqe9temigv1p.cloudfront.net,d29usylhdk1xyu.cloudfront.net,f
xing-share.com,xing.com,t
apester.com,hostedprebid.com,f
demdex.net,omtrdc.net,t
360.cn,so.com,t
feedbooks.com,feedbooks.net,t
googletagmanager.com,yimg.jp,f
consensu.org,s-onetag.com,f
digikey.com,eewiki.net,t
sf-cdn.com,snapfish.com,t
chaturbate.com,highwebmedia.com,t
allstatics.com,wondershare.com,f
namecheap.com,nc-img.com,t
criteo.net,tiqcdn.com,f
contently.com,ytimg.com,f
sky.com,skyassets.com,t
nsstatic.com,wccftech.com,f
qhres.com,qihucdn.com,t
assets-help-gandi.global.ssl.fastly.net,gandi.net,t
googletagmanager.com,stackadapt.com,f
adlightning.com,doubleclick.net,f
zoho.com,zoho.eu,t
idqqimg.com,techweb.com.cn,f
smucdn.com,xywy.com,f
gaana.com,gaanacdn.com,t
facebook.net,google-analytics.com,f
svt.se,svtstatic.se,t
outbrain.com,scorecardresearch.com,f
1348661504.rsc.cdn77.org,utwente.nl,t
bing.com,thebrighttag.com,f
googletagmanager.com,ptengine.jp,f
crazyegg.com,s3.amazonaws.com,f
google.com,maps.googleapis.com,t
ucas.com,ucascdn.com,t
mxcdn.net,research.de.com,f
surveygizmo.com,youtube.com,f
googletagmanager.com,pymx5.com,f
msocdn.com,office.com,t
hao123img.com,skycn.com,f
yahoo.co.jp,yjtag.jp,t
googletagmanager.com,microad.jp,f
ucoz.org,ucoz.ru,t
wjx.cn,wjx.top,t
googletagmanager.com,hsadspixel.net,f
blibli.com,static-src.com,f
googletagmanager.com,jquery.com,f
americanheart.org,heart.org,t
googletagmanager.com,onesignal.com,f
hatenablog.com,msmstatic.com,f
google.com,hsforms.com,f
rbcroyalbank.com,royalbank.com,t
mercadolibre.com,mercadolibre.com.mx,t
cdnjs.com,kohls.com,f
slideshare.net,slidesharecdn.com,t
static-42andpark-com.s3-us-west-2.amazonaws.com,tmcnet.com,f
google-analytics.com,scorecardresearch.com,f
clarium.global.ssl.fastly.net,proper.io,f
googletagmanager.com,liadm.com,f
zol-img.com.cn,zol.com.cn,t
cdnjquery.com,videoplayerhub.com,f
db3ujbgzkl8k8.cloudfront.net,uefa.com,t
tripadvisor.co.uk,tripadvisor.com,t
googletagservices.com,impactify.io,f
cheshi-img.com,cheshi.com,t
kdslife.com,pch-img.net,t
hackerrank.com,hrcdn.net,t
googletagmanager.com,realvu.net,f
brealtime.com,emxdgt.com,f
goodmenproject.com,goodmenproject.lpages.co,t
hwcdn.net,jsrdn.com,f
amazon-adsystem.com,ensighten.com,f
outbrain.com,pinterest.com,f
assetsadobe.com,kitchenaid.com,f
expansion.com,sincroguia.tv,t
kampyle.com,medallia.com,t
doubleclick.net,googleadservices.com,t
googletagservices.com,pubmatic.com,f
perfectmarket.com,youtube.com,f
moatads.com,w55c.net,f
doubleverify.com,mathtag.com,f
nyt.com,nytimes.com,t
liebiao.com,liecdn.cn,t
googletagmanager.com,ioam.de,f
realestate.com.au,reastatic.net,t
tmon.co.kr,tmon.kr,t
cnn.com,turner.com,t
damt7w3yoa0t2.cloudfront.net,siteground.com,t
scorecardresearch.com,taboola.com,f
yoox.com,yoox.it,t
adobedtm.com,cookielaw.org,f
myscore.com.ua,myscore.ru,t
massariuscdn.com,thenextweb.com,f
adobedtm.com,en25.com,f
hsforms.com,hsforms.net,t
googletagmanager.com,googletagservices.com,t
eiseverywhere.com,eventscloud.com,t
chinaunix.net,nkscdn.com,f
d2rp1k1dldbai6.cloudfront.net,rtb123.com,f
sina.cn,sina.com.cn,t
velocecdn.com,zooqle.com,f
dx.com,dxcdn.com,t
googletagmanager.com,nakanohito.jp,f
audiencesquare.com,mediasquare.fr,t
ticdn.it,tim.it,f
cloudflare.com,facebook.net,f
hotnewhiphop.com,ulximg.com,t
etracker.com,etracker.de,t
bootstrapcdn.com,cloudflare.com,f
cbs.com,cbsstatic.com,t
luisaviaroma.com,lvrcdn.com,t
cloudflare.com,doubleclick.net,f
addthis.com,twitter.com,f
appledaily.com,appledaily.com.tw,t
aftonbladet.se,cdn-sitegainer.com,f
avast.com,hs-academypages.com,t
1rx.io,adrta.com,f
lalaping.com,propellerclick.com,f
stream.co.jp,stream.ne.jp,t
bufferapp.com,sumo.com,f
bbystatic.com,bestbuy.com,t
adition.com,moatads.com,f
googletagmanager.com,vimeo.com,f
adnxs.com,clarium.global.ssl.fastly.net,f
bttrack.com,googletagmanager.com,f
yoox.biz,yoox.it,t
t.st,thestreet.com,t
seek.com.au,seekcdn.com,t
4399.com,img4399.com,t
static-upwork.com,upwork.com,t
figarocms.com,lefigaro.fr,t
kuaizhan.com,sohu.com,f
tagtoo.co,tagtoo.com.tw,t
d2oh4tlt9mrke9.cloudfront.net,sessioncam.com,f
pinchofyum.com,pinchofyum.leadpages.co,t
atgsvcs.com,rightnowtech.com,f
compass-fit.jp,logly.co.jp,f
lovetoknow.com,ltkcdn.net,t
ajax.googleapis.com,cloudflare.com,f
shimo.im,smcdn.cn,t
d9qz450atvita.cloudfront.net,mynewsdesk.com,t
lamoda.ru,lmcdn.ru,t
innity.com,innity.net,t
expressen.se,spqcdn.net,t
driftt.com,googletagmanager.com,f
appmifile.com,mi.com,t
addthis.com,addthisedge.com,t
reach5.co,reach5.net,t
facebook.com,giraff.io,f
ck.page,convertkit.com,t
sc-static.net,tiqcdn.com,f
spreadshirt.com,spreadshirt.net,t
cmu.edu,dntgjdbrsksrc.cloudfront.net,t
hs-scripts.com,usemessages.com,f
cdn-hotels.com,hotels.com,t
researcherprofiles.org,ucsf.edu,f
kgimg.com,kugou.com,t
krxd.net,moatads.com,f
jimdo-dolphin-static-assets-prod.freetls.fastly.net,jimdo.com,t
aliapp.org,alicdn.com,t
odoo.com,odoocdn.com,t
pixnet.cc,pixnet.net,t
eol.cn,imgeol.cn,t
ibm.com,s81c.com,t
digitalgov.gov,youtube.com,f
123g.us,123greetings.com,t
audiusa.com,audiusa.io,t
taboola.com,tiqcdn.com,f
fiverr.com,fiverrcdn.com,t
addthis.com,pinterest.com,f
bahn.de,img-bahn.de,t
bcdn.jp,biglobe.ne.jp,t
googletagmanager.com,hellobar.com,f
clearbit.com,googletagmanager.com,f
sindonews.com,sindonews.net,t
consumerreports.org,consumerreportscdn.org,t
criteo.net,google-analytics.com,f
paypal.com,paypalobjects.com,t
popsugar-assets.com,popsugar.com,t
ensighten.com,googletagmanager.com,f
googletagmanager.com,hs-analytics.net,f
gotquestions.net,gotquestions.org,t
miniclip.com,miniclipcdn.com,t
casalemedia.com,proper.io,f
fout.jp,googletagmanager.com,f
mathtag.com,tiqcdn.com,f
d95vqxvcb8d0f.cloudfront.net,wisc.edu,t
alexametrics.com,googletagmanager.com,f
contentsquare.net,tiqcdn.com,f
espn.com,espncdn.com,t
brightcove.com,brightcove.net,t
cbsimg.net,cbssports.com,t
btstatic.com,doubleclick.net,f
ntv.io,postrelease.com,f
inube.com,microcdn.com,f
trulia-cdn.com,trulia.com,t
sencdn.com,tom.com,f
latam.com,latamstatic.com,t
googletagmanager.com,yandex.ru,f
lww.com,point-prod-thepoint-static-assets.s3.amazonaws.com,f
doubleclick.net,indexww.com,f
fastcompany.com,fastcompany.net,t
screensteps.com,screenstepslive.com,t
googletagmanager.com,krxd.net,f
chartbeat.com,ensighten.com,f
bitbucket.io,bitbucket.org,t
baixing.com,baixingcdn.com,t
seesaa.jp,seesaa.net,t
akoam.net,iclickcdn.com,f
cdn3x.com,jizzbunker.com,t
9c9media.ca,9c9media.com,t
evidon.com,googletagmanager.com,f
gelestatic.it,gelocal.it,t
9cdn.net,ninemsn.com.au,t
autohome.com.cn,autoimg.cn,t
onenote.com,onenote.net,t
ekstatic.net,emirates.com,t
googletagmanager.com,segment.com,f
tfd.com,thefreedictionary.com,t
adobedtm.com,liveperson.net,f
ecestaticos.com,elconfidencial.com,t
googletagmanager.com,marinsm.com,f
youtube.com,ytimg.com,t
mango.com,mngbcn.com,t
proper.io,quantserve.com,f
marinsm.com,prfct.co,f
imgiz.com,yemek.com,f
googletagmanager.com,vidyard.com,f
doubleclick.net,lijit.com,f
hs-scripts.com,hsadspixel.net,t
neow.in,neowin.net,t
bing.com,segment.com,f
lesechos.com,lesechos.fr,t
facebook.net,thebrighttag.com,f
adsrvr.org,tiqcdn.com,f
submarino.com.br,submarino.io,t
demandbase.com,googletagmanager.com,f
uol.com,uol.com.br,t
exelator.com,permutive.com,f
heroku.com,herokucdn.com,t
clicktale.net,tiqcdn.com,f
prezi.com,prezicdn.net,t
emetriq.de,xplosion.de,t
ifeng.com,ifengimg.com,t
gmanetwork.com,gmanews.tv,t
mi.com,xiaomi.net,t
economist.com,whichmba.com,t
ucoz.net,ucoz.ru,t
trendhunter.com,trendhunterstatic.com,t
nba.com,pistonscdn.s3.amazonaws.com,f
eloqua.com,en25.com,f
google-analytics.com,yimg.com,f
abcnews.com,go.com,t
googletagmanager.com,s3.amazonaws.com,f
audioeye.com,phenompeople.com,f
googletagmanager.com,storage.googleapis.com,t
lego.com,legocdn.com,t
adobedtm.com,demdex.net,t
d8rk54i4mohrb.cloudfront.net,simplereach.com,f
a7.org,inn.co.il,t
brandrepublic.com,campaignlive.co.uk,t
diamond.jp,ismcdn.jp,f
cloudflare.com,disqus.com,f
nsimg.net,pornhublive.com,t
bluecore.com,storage.googleapis.com,f
milb.com,milbstatic.com,t
mgid.com,scorecardresearch.com,f
banggood.com,staticbg.com,t
2mdn.net,ivideosmart.com,f
facebook.com,popin.cc,f
mdpcdn.com,selectablemedia.com,t
googletagmanager.com,line-scdn.net,f
mainetodaymedia.com,pressherald.com,t
adlightning.com,googletagmanager.com,f
adobedtm.com,pinimg.com,f
23andme.com,aocdn.net,f
informationweek.com,techweb.com,t
twitter.com,vox-cdn.com,f
ee-dtp-static.s3.amazonaws.com,ee.co.uk,t
disney.com,disney.io,t
mixi.media,stat.media,f
bloomingdales.com,bloomingdalesassets.com,t
1rx.io,zorosrv.com,f
bbc.co.uk,bbcimg.co.uk,t
facty.com,mblycdn.com,t
imasdk.googleapis.com,jwplatform.com,f
2mdn.net,moatads.com,f
tiqcdn.com,youtube.com,f
classistatic.de,mobile.de,f
3movierulz.vc,ev2cdn.com,f
dji.com,djicdn.com,t
51job.com,51jobcdn.com,t
tribunnews.com,tstatic.net,t
agenziaentrate.gov.it,agenziaentrate.it,t
ad-delivery.net,videoplayerhub.com,f
cineulagam.com,zoftcdn.com,f
leafly.ca,leafly.com,t
hs-analytics.net,licdn.com,f
d2na2p72vtqyok.cloudfront.net,df80k0z3fi8zg.cloudfront.net,f
chrome.com,google.com,t
heavy-r.com,sancdn.net,f
theconversation.com,theconversation.edu.au,t
el-mundo.net,elmundo.es,t
imgbb.com,simgbb.com,t
autozone.com,tvpagecdn.com,f
schneider-electric.com,se.com,t
livetv.sx,livetv288.me,t
s5o.ru,sports.ru,t
clips4sale.com,github-production-release-asset-2e65be.s3.amazonaws.com,f
setare.com,setare.info,t
adobedtm.com,crazyegg.com,f
clarium.global.ssl.fastly.net,googlesyndication.com,f
tiqcdn.cn,tiqcdn.com,t
cnn.com,imasdk.googleapis.com,f
mi-img.com,miui.com,t
marketo.com,marketo.net,t
chartbeat.com,googletagmanager.com,f
a8.net,googletagmanager.com,f
manychat.com,mccdn.me,t
biglobe.ne.jp,static-showtime.jp,f
doubleclick.net,media.net,f
snapfish-promo.com,snapfish.com,t
googletagservices.com,indexww.com,f
googletagmanager.com,salesforceliveagent.com,f
npr.org,vuhaus-assets-production.global.ssl.fastly.net,f
lasvegassun.com,vegasinc.com,t
adsafeprotected.com,doubleclick.net,f
staples-static.com,staples.com,t
kindlycdn.com,tidal.com,f
xcar.com.cn,xcarimg.com,t
goodreads.com,gr-assets.com,t
fwcdn1.com,gaiaonline.com,f
genius.codes,genius.com,t
20min.ch,cpstatic.ch,f
lanyonassets.com,regonline.com,f
tcgplayer.com,tcgplayer.lpages.co,t
07073.com,073img.com,t
storetail.io,storetail.net,t
psbc.com,ulecdn.com,f
amazon-adsystem.com,googletagservices.com,f
fhyx.com,fhyx.hk,t
doubleclick.net,googlesyndication.com,t
imrworldwide.com,segment.com,f
jilinoffcn.com,offcn.com,t
yimg.jp,yjtag.jp,t
2mdn.net,googletagmanager.com,t
auswaertiges-amt.de,diplo.de,t
rtr-vesti.ru,vesti.ru,t
fcdn.fr,lefigaro.fr,t
googletagmanager.com,heapanalytics.com,f
bytedance.com,googletagmanager.com,f
autodesk.com,autodesk.net,t
s-sfr.fr,sfr.fr,t
demdex.net,tiqcdn.com,f
kizi.com,kizicdn.com,t
doubleclick.net,pubmatic.com,f
1tv.ru,cdnnow.net,f
d1z2jf7jlzjs58.cloudfront.net,tiqcdn.com,f
googleadservices.com,yjtag.jp,f
reuters.com,reuters.tv,t
baidu.com,bdimg.com,t
hotwire.com,hotwirestatic.com,t
bluper.es,elespanol.com,t
51auto.com,51autoimg.com,t
cloudflare.com,hotjar.com,f
amazon-adsystem.com,sekindo.com,f
marketingprofs.com,marketingprofsu.com,t
contentsquare.net,googletagmanager.com,f
cookielaw.org,google-analytics.com,f
googletagmanager.com,vk.com,f
scorecardresearch.com,sunmedia.tv,f
ranker.com,rnkr-static.com,t
addthis.com,facebook.net,f
aftenposten.no,sacdn.no,f
adform.net,clarium.global.ssl.fastly.net,f
smzdm.com,zdmimg.com,t
guildwars2.com,staticwars.com,t
gemius.pl,googletagmanager.com,f
amazon-adsystem.com,scorecardresearch.com,f
d2erv0su25bwwm.cloudfront.net,goop.com,t
mathtag.com,redintelligence.net,f
audioboom.com,theabcdn.com,t
alibaba.com,alicdn.com,t
googletagmanager.com,jsdelivr.net,f
pnc.com,pncmc.com,t
airasia.com,staticaa.com,t
cityspark.com,google-analytics.com,f
allegro.pl,allegrostatic.com,t
nhl.com,nhlstatic.com,t
deezer.com,dzcdn.net,t
doubleclick.net,mediavine.com,f
google.com,translate.googleapis.com,t
desk.com,google.com,f
coupons.com,cpnscdn.com,t
d1oykxszdrgjgl.cloudfront.net,vntsm.com,f
china.com.cn,siluchina.com.cn,t
ximalaya.com,xmcdn.com,t
udn.com,udn.com.tw,t
diariodeavisos.com,elespanol.com,t
cityzenapp.us,publicinput.com,t
careerbuilder.com,icbdr.com,t
iclickcdn.com,swatchseries.to,f
prixacdn.net,ratopati.com,f
akamaized.net,popin.cc,f
66law.cn,hualv.com,t
brightspotcdn.com,consumable.com,f
googletagmanager.com,pbbl.co,f
sindonews.net,sindonews.tv,t
huntington.com,huntingtonbank.com,t
d10lpsik1i8c69.cloudfront.net,googletagmanager.com,f
cardiff.ac.uk,cf.ac.uk,t
googletagservices.com,yahoo.com,f
googletagmanager.com,tru.am,f
idcdn.de,merkur.de,t
basefile.s3.amazonaws.com,thebase.in,t
88cdn.com,xunlei.com,f
univision.com,uvnimg.com,t
clients-cdnnow.ru,mvideo.ru,f
boursorama.com,brsimg.com,t
casalemedia.com,googletagservices.com,f
googletagmanager.com,newscred.com,f
googletagmanager.com,steelhousemedia.com,f
jrj.com.cn,jrjimg.cn,t
souq.com,souqcdn.com,t
d31u95r9ywbjex.cloudfront.net,truity.com,t
espncricinfo.com,imgci.com,t
uw.edu,washington.edu,t
revelist.com,reveliststatic.com,t
d2jx2rerrg6sh3.cloudfront.net,news-medical.net,t
geilicdn.com,weidian.com,t
rub.de,ruhr-uni-bochum.de,t
googletagmanager.com,kampyle.com,f
livetv.sx,livetv255.me,t
d3i6fh83elv35t.cloudfront.net,pbs.org,t
efu.cn,efu.com.cn,t
digitru.st,outbrain.com,f
crazyegg.com,segment.com,f
googletagmanager.com,im-apps.net,f
optimizely.com,tiqcdn.com,f
ampproject.org,pub.network,f
imasdk.googleapis.com,vdo.ai,f
yahoo.com,yimg.com,t
europapress.es,europapress.net,t
tistatic.com,tradeindia.com,t
cafebazaar.cloud,cafebazaar.ir,t
ampproject.org,cloudflare.com,f
hunantv.com,mgtv.com,t
openxcdn.net,yourdictionary.com,f
123contactform.com,123formbuilder.com,t
googletagmanager.com,quantummetric.com,f
dangdang.com,xdy-cdn.cn,f
livetv.sx,livetv285.me,t
owncloud.com,owncloud.org,t
outbrain.com,teads.tv,f
iannounce-cdn.co.uk,irishtimes.com,f
ydstatic.com,youdao.com,t
dn1f1hmdujj40.cloudfront.net,engagio.com,f
tapatalk-cdn.com,tapatalk.com,t
bonanza.com,bonanzastatic.com,t
admin5.com,pncdn.cn,f
akurat.co,static-resource.com,f
wkimg.com,xywy.com,f
shiksha.com,shiksha.ws,t
cdnmaster.com,jinshuju.net,f
schibsted.com,schibsted.no,t
d2c8v52ll5s99u.cloudfront.net,moatads.com,f
google-analytics.com,hs-analytics.net,f
smartadserver.com,yabidos.com,f
2mdn.net,imasdk.googleapis.com,t
cdnpc.net,popcash.net,t
tripcdn.cn,tripcdn.com,t
d7pkvxpsevxsc.cloudfront.net,googletagmanager.com,f
duba.com,duba.net,t
hip2save.com,hip2save.lpages.co,t
cpx.to,googletagmanager.com,f
google-analytics.com,segment.com,f
2mdn.net,jwpcdn.com,f
ensighten.com,licdn.com,f
assettype.com,bloombergquint.com,f
derstandard.at,staticfiles.at,t
du3vkre908mr5.cloudfront.net,siteground.com,t
googletagmanager.com,mcclatchyinteractive.com,f
google-analytics.com,mparticle.com,f
doubleverify.com,googletagservices.com,f
atlassian.com,atlassian.net,t
sndcdn.com,soundcloud.com,t
adthrive.com,clarium.global.ssl.fastly.net,f
cms-twdigitalassets.com,twitter.com,f
google.com,playbuzz.com,f
jizzbunker.com,somecdn.bid,f
clickbank.com,clickbank.net,t
mandatory.com,wrestlezone.com,t
untappd.com,untappd.s3.amazonaws.com,t
quora.com,quoracdn.net,t
cdndtl.co.uk,thisismoney.co.uk,f
bancadigitalbod.com,cdnpark.com,f
ads-twitter.com,twitter.com,t
forexpros.com,investing.com,t
practo.com,practostatic.com,t
padlet.com,padletcdn.com,t
bn-static.com,olx.com.br,f
ikea.com,ikea.com.kw,t
plug.it,virgilio.it,t
d2ig8frmtwxze3.cloudfront.net,tracfone.com,t
popupsmart.com,popupsmart.s3.eu-central-1.amazonaws.com,t
6sc.co,googletagmanager.com,f
bkrtx.com,servebom.com,f
adition.com,t4ft.de,f
estately.com,estately.net,t
flix360.com,flixfacts.com,t
newsok.com,oklahoman.com,t
googletagmanager.com,parsely.com,f
nfl.com,nflcdn.com,t
schwab.com,schwabcdn.com,t
jumia.co,jumia.com.ng,t
ensighten.com,google-analytics.com,f
corednacdn.com,seek.com.au,f
loopassets.net,verabradley.com,f
amplitude.com,googletagmanager.com,f
pathofexile.com,poecdn.com,t
1571723588.rsc.cdn77.org,indiaglitz.com,f
aweber-static.com,aweber.com,t
ictnews.vn,vietnamnet.vn,t
audiencedata.net,googletagmanager.com,f
wanelo.co,wnlimg.com,t
asahi.com,lifestory-www-static-files.s3.amazonaws.com,f
googletagmanager.com,webcontentassessor.com,f
adobedtm.com,google-analytics.com,f
moatads.com,nbcuni.com,f
powerspace.com,pwspace.com,t
bolshoyvopros.ru,cdn01.ru,f
norton.com,nortoncdn.com,t
springserve.com,vidible.tv,f
stripe.com,stripecdn.com,t
t8cdn.com,tube8.com,t
brightspotcdn.com,teads.tv,f
midwayusa.com,mwstatic.com,t
newsbreakapp.com,particlenews.com,t
g2crowd.com,googletagmanager.com,f
p-n.io,segment.com,f
googletagmanager.com,yjtag.jp,f
oberlo.cloud,oberlo.com,t
addthis.com,reddit.com,f
igodigital.com,tiqcdn.com,f
rbc.ru,rbk.ru,t
2mdn.net,anvato.net,f
pstatic.gr,zougla.gr,f
bonnier.news,dn.se,t
googletagservices.com,realvu.net,f
cloudflare.com,opmnstr.com,f
adsafeprotected.com,smartadserver.com,t
kilidstatic.com,tabnak.ir,f
mamaslatinas-static.com,mamaslatinas.com,t
cloudflare.com,google.com,f
blogtalkradio.com,btrstatic.com,t
gilt.com,ruecdn.com,f
abebooks.com,abebookscdn.com,t
clickbank.com,clickbank.lpages.co,t
bluekai.com,oracle.com,t
prothomalo.com,vlicdn2.com,f
imasdk.googleapis.com,jwpcdn.com,f
criteo.com,criteo.net,t
ml314.com,moatads.com,f
ampproject.org,indexww.com,f
adroll.com,googletagmanager.com,f
mathtag.com,mediamathtag.com,t
urbandictionary.com,urbandictionary.store,t
usask.ca,usaskcdn.ca,t
facebook.com,wp.com,f
4pda.ru,4pda.to,t
googletagmanager.com,shopify.com,f
cdnmaster.cn,nike.com,f
prod-va-gov-assets.s3-us-gov-west-1.amazonaws.com,va.gov,t
creativecommons.engineering,creativecommons.org,t
mynet.com,mynet.com.tr,t
addthis.com,googletagmanager.com,f
googletagmanager.com,turn.com,f
liveperson.net,lpsnmedia.net,t
podomatic.com,podomatic.net,t
etsy.com,etsystatic.com,t
cloudflare.com,d31qbv1cthcecs.cloudfront.net,f
realytics.io,realytics.net,t
attn.tv,googletagmanager.com,f
googletagmanager.com,mathtag.com,f
huangye88.cn,huangye88.com,t
queensu.ca,ssb.ca,t
okt.to,oktopost.com,t
icontact.com,icontactimg.com,t
ampproject.org,googletagmanager.com,t
mycdn.me,ok.ru,f
moneycontrol.co.in,moneycontrol.com,t
made-in-china.com,micstatic.com,t
folha.com.br,uol.com.br,t
qualtrics.com,tiqcdn.com,f
adform.net,googletagmanager.com,f
googletagmanager.com,serving-sys.com,f
condenastdigital.com,googletagmanager.com,f
d29usylhdk1xyu.cloudfront.net,rpxnow.com,f
cdnblog.fr,unblog.fr,t
nih.gov,pubmed.gov,t
dropbox.com,dropboxstatic.com,t
americangreetings.com,imgag.com,t
bizographics.com,googletagmanager.com,f
addtoany.com,facebook.com,f
nativeroll.tv,weborama.fr,f
dup9c9x433v2u.cloudfront.net,steelseries.com,t
getsatisfaction.com,gsfn.us,t
djcs-multi-region-assets-ohio.s3.us-east-2.amazonaws.com,wsj.com,f
confiant-integrations.global.ssl.fastly.net,doubleclick.net,f
crazyegg.com,dnn506yrbagrg.cloudfront.net,f
zol.com,zol.com.cn,t
firstimpression.io,googlesyndication.com,f
hubspot.com,hubspot.net,t
facebook.com,facebook.net,t
wi.gov,wisconsin.gov,t
boomcdn.com,iadb.org,f
moatads.com,teads.tv,f
beop.io,beopinion.com,t
mediacdn.vn,vtv.vn,f
criteo.net,yastatic.net,f
nmcdn.us,tiny.cc,f
mdedge-files-live.s3.us-east-2.amazonaws.com,mdedge.com,t
lesoir.be,rosselcdn.net,f
im-apps.net,treasuredata.com,f
cafe24.com,cafe24ssl.com,t
suning.cn,suning.com,t
aa-cdn.net,appannie.com,t
lapresse.ca,lpcdn.ca,t
sohu.com,sohu.com.cn,t
appledaily.com,appledaily.hk,t
gimy.su,gimy.tv,t
8684.cn,8684.com,t
googletagmanager.com,pinimg.com,f
googletagmanager.com,ml314.com,f
googlesyndication.com,googletagmanager.com,t
tokopedia.com,tokopedia.net,t
katespade.com,katespade.tech,t
blueconic.net,facebook.net,f
shareaholic.com,shareaholic.net,t
segment.com,timecommerce.net,f
googletagmanager.com,quora.com,f
pmdstatic.net,programme-tv.net,f
betfair.com,cdnbf.net,t
foxpush.com,foxpush.net,t
adobedtm.com,quantserve.com,f
2mdn.net,googletagservices.com,t
branch.io,googletagmanager.com,f
nsimg.net,ypmate.com,t
crwdcntrl.net,ensighten.com,f
cfcdn.club,clubfactory.com,t
agoda.com,agoda.net,t
xda-cdn.com,xda-developers.com,t
etherscan.com,etherscan.io,t
bbcomcdn.com,bodybuilding.com,t
akacdn.ru,fmovies.to,f
piano.io,tinypass.com,t
highcharts.com,highsoft.com,t
echocdn.com,echosign.com,t
tiqcdn.com,twitter.com,f
doubleclick.net,googletagmanager.com,t
d1z2jf7jlzjs58.cloudfront.net,ensighten.com,f
16personalities.com,neris-assets.com,t
d17e7uh9u4v5ad.cloudfront.net,tickets.com,t
googletagservices.com,servebom.com,f
celebritynetworth.com,cnwimg.com,t
cybba.solutions,rtb123.com,f
microsoft.com,msdn.com,t
qyer.com,qyerstatic.com,t
barrons.com,djcs-multi-region-assets-ohio.s3.us-east-2.amazonaws.com,f
customer.io,segment.com,f
ensighten.com,facebook.net,f
ads-twitter.com,google-analytics.com,f
fcglcdn.com,firstcry.com,t
ensighten.com,hearst.io,f
ivi.ru,tivision.ru,t
stackassets.com,youtube.com,f
akamaihd.net,spot.im,f
cloudflare.com,googleadservices.com,f
creditkarma.com,imgix.net,f
china.com.cn,china.org.cn,t
vip.com,vipstatic.com,t
citi.com,citibank.com,t
pub.network,scorecardresearch.com,f
bitauto.com,yiche.com,t
adobedtm.com,licdn.com,f
au.dk,aucdn.dk,t
webflow.com,webflow.io,t
hatena.com,hatena.ne.jp,t
ebimg.dk,ekstrabladet.dk,t
d14jnfavjicsbe.cloudfront.net,getdrip.com,f
certona.net,res-x.com,f
ninifile.com,ninisite.com,t
livedoor.com,livedoor.jp,t
dresslily.com,drlcdn.com,t
aminoapps.com,narvii.com,t
cleartax-cdn.com,cleartax.in,t
smartsupp-widget-161959.c.cdn77.org,sueddeutsche.de,f
adobedtm.com,twitter.com,f
djiby52t9cgpc.cloudfront.net,globo.com,t
googleadservices.com,segment.com,f
divar.ir,divarcdn.com,t
clarip.com,googletagmanager.com,f
bronto.com,googletagmanager.com,f
d31g1t86vhddag.cloudfront.net,liverpoolfc.com,t
rakuten.co.jp,rakuten.com,t
giraff.io,vk.com,f
sciencemuseum.org.uk,tnew-assets.com,f
googletagmanager.com,subscribers.com,f
googletagmanager.com,siteimproveanalytics.com,f
xhamster.com,xhcdn.com,t
eloqua.com,oracle.com,t
googlesyndication.com,googletagservices.com,t
trendmicro.com,trendmicro.de,t
microsoft.com,windows.net,t
banyanhill.com,banyanhillwebassets.s3.amazonaws.com,t
veniaminshows.com,yelpcdn.com,f
bankrate.com,brstatic.com,t
google-analytics.com,licdn.com,f
dmm.co.jp,dmm.com,t
fcbarcelona.cat,fcbarcelona.com,t
realestate.com.au,reamedia.com.au,t
linksynergy.com,rakuten.com,t
vistaprint.com,vistaprint.io,t
ydcdn.net,yourdictionary.com,t
akamaized.net,google-analytics.com,f
googletagmanager.com,hs-scripts.com,f
addthis.com,moatads.com,t
codeproject.com,codeproject.global.ssl.fastly.net,t
gtimg.cn,gtimg.com,t
jal.co.jp,jal.com,t
cloudflare.com,quantserve.com,f
hola.com,hola.info,t
solarwinds.com,thwack-static.s3.amazonaws.com,f
bild.de,d3e5uhtl1mkepc.cloudfront.net,t
google-analytics.com,shopify.com,f
ebay.co.kr,gmarket.co.kr,t
wyzant.com,wyzant.io,t
mgid.com,steepto.com,f
iqiyi.com,qiyi.com,t
rambler.ru,rambler.su,t
bing.com,cookielaw.org,f
embed-cdn.com,streamable.com,f
elespanol.com,quincemil.com,t
onaudience.com,snrcdn.net,f
googletagmanager.com,navdmp.com,f
fool.com,foolcdn.com,t
ad4m.at,adform.net,t
theglobeandmail.ca,theglobeandmail.com,t
lyst.com,lystit.com,t
cheqzone.com,d2rjda70y84s5v.cloudfront.net,f
baike.com,huimg.cn,f
oyorooms.com,oyoroomscdn.com,t
livetv.sx,livetv270.me,t
ajax.googleapis.com,cookielaw.org,f
adform.net,adition.com,f
addthis.com,chartbeat.com,f
criteo.com,googletagmanager.com,f
wetransfer.com,wetransfer.net,t
mafengwo.cn,mafengwo.net,t
hc360.cn,hc360.com,t
app.link,branch.io,f
googlesyndication.com,htlbid.com,f
adobedtm.com,clicktale.net,f
calstate.edu,localizercdn.com,f
evidon.com,mediaplex.com,f
googletagservices.com,rubiconproject.com,f
ename.com,ename.net,t
howstuffworks.com,hswstatic.com,t
gigabyte.com,gigabyte.com.tw,t
chrispederick.com,chrispederick.net,t
clicktale.net,googletagmanager.com,f
coupang.com,coupangcdn.com,t
xvideos-cdn.com,xvideos.com,t
ocstatic.com,online-convert.com,t
hjfile.cn,hujiang.com,t
abplive.com,abplive.in,t
china.cn,china.com.cn,t
cookielaw.org,facebook.net,f
confiant-integrations.global.ssl.fastly.net,proper.io,f
careers360.com,careers360.mobi,t
yummly.com,yummlystatic.com,t
chartbeat.com,tiqcdn.com,f
elespanol.com,vandalimg.com,f
virtualspirits.com,virtualspirits.eu,t
ucsc.edu,ucsc.github.io,t
assetsgaranti.com,garantibbva.com.tr,t
d1v9u0bgi1uimx.cloudfront.net,d29usylhdk1xyu.cloudfront.net,f
futurecdn.net,servebom.com,t
adsrvr.org,ensighten.com,f
rdtcdn.com,redtube.com,t
okccdn.com,okcupid.com,t
b8cdn.com,bayt.com,t
casalemedia.com,doubleclick.net,f
mxpnl.com,segment.com,f
getsitecontrol.com,googletagmanager.com,f
hostelworld.com,hwstatic.com,t
indianexpress.com,proficient-cdn.s3.ap-south-1.amazonaws.com,f
googleadservices.com,googletagmanager.com,t
google-analytics.com,tiqcdn.com,f
googletagmanager.com,weborama.fr,f
adrecover.com,ajax.googleapis.com,f
bkrtx.com,zdbb.net,f
ad6media.fr,yahoo.com,f
facebook.net,tiqcdn.com,f
statcdn.com,statista.com,t
oui.sncf,voyages-sncf.com,t
huya.com,msstatic.com,f
makemytrip.com,mmtcdn.com,t
cloudflare.com,googletagmanager.com,f
dagbladet.no,dbstatic.no,t
cnn.com,cnn.io,t
ensighten.com,pinimg.com,f
forgeofempires.com,innogamescdn.com,t
ajax.googleapis.com,googletagmanager.com,t
dmm.co.jp,navismithapis-cdn.com,f
nintendo.com,nintendo.net,t
d1z2jf7jlzjs58.cloudfront.net,googletagmanager.com,f
cmcmcdn.com,duba.com,f
banco.bradesco,bradesco.com.br,t
adobedtm.com,scorecardresearch.com,f
here.com,nps-static.s3.amazonaws.com,f
10upcdn.com,uber.com,f
handelsblatt.com,qcdn.de,f
kurir-info.rs,kurir.rs,t
quantserve.com,udmserve.net,f
churchofjesuschrist.org,ldschurch.org,t
d2oh4tlt9mrke9.cloudfront.net,googletagmanager.com,f
netdna-ssl.com,twitter.com,f
b-cdn.net,cheqzone.com,f
googletagmanager.com,vdo.ai,f
amazon-adsystem.com,ampproject.org,f
legacy.com,legacy.net,t
parimatch.com,parimatch.tv,t
docin.com,douding.cn,t
hoopchina.com.cn,hupu.com,t
g2.com,g2crowd.com,t
fomo.com,usefomo.com,t
adnxs.com,justpremium.com,f
ebsco.com,servisbotcdn.com,f
yellowpages.com,ypcdn.com,t
zoho.com,zoho.in,t
cncn.com,cncn.net,t
cisco.com,static-cisco.com,t
fonts.com,fonts.net,t
bounceexchange.com,segment.com,f
d1n00d49gkbray.cloudfront.net,smarterhq.io,f
kaixin001.com,kaixin001.com.cn,t
naver.com,naver.net,t
shutterfly.com,staticsfly.com,t
perfectmarket.com,taboola.com,t
adobedtm.com,doubleclick.net,f
googletagmanager.com,moatads.com,f
criteo.net,mgid.com,f
d3fjrnfgbgznt3.cloudfront.net,siteground.com,t
force.com,salesforceliveagent.com,t
appointletcdn.com,therealreal.com,f
ccom-cdn.com,credit.com,t
d1v9hyvpzys6td.cloudfront.net,moveaws.com,t
doubleclick.net,tiqcdn.com,f
chicagobusiness.com,crain-platform-ccb-assets.s3.amazonaws.com,f
anvato.net,google.com,f
kugoo.com,kugou.com,t
viostream.com,viostream.net,t
rambler.ru,top100.ru,t
adobedtm.com,hotjar.com,f
1trust.app,cookiepro.com,t
googletagmanager.com,qualtrics.com,f
googletagmanager.com,soundcloud.com,f
9anime.to,akacdn.ru,f
trello.com,trellocdn.com,t
guoshipartners.com,onevision.com.tw,f
packt-cdn.com,packtpub.com,t
telegraaf.nl,tnet.nl,t
nutaku.com,nutaku.net,t
uwo.ca,westernu.ca,t
ename.cn,ename.com,t
casio.com,casiocdn.com,t
d31y97ze264gaa.cloudfront.net,dialogtech.com,f
cdnartwhere.eu,lesoir.be,f
en25.com,tiqcdn.com,f
bigpoint.net,bpsecure.com,t
snimg.com,sportingnews.com,t
instagram.com,shopify.com,f
webgains.com,webgains.io,t
51sole.cn,51sole.com,t
criteo.net,googletagservices.com,f
aeplcdn.com,carwale.com,t
retailrocket.net,retailrocket.ru,t
lastminute.com,staticroot.com,f
pcrl.co,picreel.com,t
amazon-adsystem.com,cloudflare.com,f
letterboxd.com,ltrbxd.com,t
paperlesspost.com,ppassets.com,t
amazon-adsystem.com,facebook.net,f
cctv.com,cntv.cn,t
googletagmanager.com,ntv.io,f
speakol.com,ytimg.com,f
oui.sncf,vsct.fr,t
bleepingcomputer.com,bleepstatic.com,t
cloudflare.com,googletagservices.com,f
popin.cc,treasuredata.com,f
cdn.li,koreus.com,f
habr.com,habracdn.net,t
bing.com,google-analytics.com,f
cdn-redfin.com,redfin.com,t
bing.com,tiqcdn.com,f
aolcdn.com,fool.com,f
cloudflare.com,twimg.com,f
jamieoliver.com,thcdn.com,f
circularhub.com,google-analytics.com,f
here.com,here.sc,t
d1bile9su2eskg.cloudfront.net,meltwater.com,t
eset.com,kayakocdn.com,f
googletagmanager.com,indexww.com,f
cloudblue.com,gitcdn.xyz,f
udmserve.net,underdog.media,t
hnol.net,voc.com.cn,t
doubleclick.net,yjtag.jp,f
hawk-assets.co.uk,techradar.com,t
facebook.net,segment.com,f
ads-twitter.com,cookielaw.org,f
tillys.blog,tillys.com,t
csdn.net,csdnimg.cn,t
criteo.net,google.de,f
reverb-assets.com,reverb.com,t
2mdn.net,research.de.com,f
crwdcntrl.net,googletagmanager.com,f
rtl.de,static-fra.de,t
canadiens.com,nhl.com,t
ft-static.com,ft.com,t
china.com.cn,cnliveimg.com,t
cookpad.com,cpcdn.com,t
nicovideo.jp,nimg.jp,t
ctctcdn.com,google.com,f
alicdn.com,taobao.com,t
pficdn.com,prudential.com,t
googletagmanager.com,thebrighttag.com,f
googletagmanager.com,s-onetag.com,f
googletagservices.com,proper.io,f
d15vqlr7iz6e8x.cloudfront.net,usa.gov,t
efe.com,servingcdn.net,t
ad-srv.net,adition.com,t
gamejolt.com,gjcdn.net,t
googlesyndication.com,tribalfusion.com,f
ziffprod.com,ziffprod.net,t
d2xf21zwr1ylfa.cloudfront.net,worthpoint.com,t
tut.by,tyt.by,t
razer.com,razerzone.com,t
hypstarcdn.com,tiktok.com,t
betrad.com,evidon.com,t
sport.es,zetaestaticos.com,t
listrak.com,listrakbi.com,t
sabay.com,sabay.com.kh,t
inspirockcdn.com,makemytrip.com,f
ilgiornale.it,sanistatic.it,f
ancensored.com,ancensoredcdn2.xyz,t
imguol.com,uol.com.br,t
pagseguro.com.br,uol.com.br,t
doubleclick.net,imasdk.googleapis.com,t
btstatic.com,thebrighttag.com,t
futurecdn.net,google-analytics.com,f
meltwater.com,meltwaternews.com,t
llbean.com,llbean.net,t
tiqcdn.com,triggeredmail.appspot.com,f
alexametrics.com,cloudflare.com,f
criteo.net,engageya.com,f
adobedtm.com,ads-twitter.com,f
googletagmanager.com,impactradius-event.com,f
bizrate.com,segment.com,f
cleartrip.com,cltpstatic.com,t
assets-gap.com,gapfactory.com,t
gigazine.asia,gigazine.net,t
bhaskar.com,dainikbhaskar.com,t
ugg.com,vteximg.com.br,f
alicdn.com,tanx.com,f
lonelyplanet.com,staticlp.com,f
bol.com.br,uol.com.br,t
haber7.com,haber7.net,t
codeproject.com,codeproject.freetls.fastly.net,t
digitalgov.gov,google-analytics.com,f
adlooxtracking.com,audiencemanager.de,f
amazon-adsystem.com,proper.io,f
zmtcdn.com,zomato.com,t
cdn-one.com,one.com,t
mega-mult.ru,ytimgg.com,f
chefkoch.de,rewe-static.de,f
schibsted.io,schibsted.media,t
smi2.net,smi2.ru,t
civicscience.com,d2zqfs55y95cft.cloudfront.net,f
bhphoto.com,bhphotovideo.com,t
macys.com,macysassets.com,t
celeritascdn.com,limetorrents.info,f
powtoon.co,powtoon.com,t
ads-twitter.com,ensighten.com,f
cracked.com,crackedcdn.com,t
accenture.com,acn-jobfeed-mtspace-de-997929.c.cdn77.org,f
spiceworks.com,spiceworksstatic.com,t
c24static.de,check24.de,t
360buyimg.com,jd.com,t
savefrom.net,sfstatic.net,t
postimages.org,postimgs.org,t
adobe.com,typekit.com,t
commonsensemedia.org,d344emq0b7u044.cloudfront.net,t
56.com,56img.com,t
slickdeals.net,slickdealscdn.com,t
tureng.co,tureng.com,t
kemdikbud.go.id,pauddikmas.org,t
doecdn.me,javdoe.tv,t
ad-delivery.net,pub.network,f
adobedtm.com,googleadservices.com,f
googletagmanager.com,impact-ad.jp,f
prom.st,prom.ua,t
googletagmanager.com,ipify.org,f
gmarket.co.kr,gmkt.kr,t
battlenet.com.cn,blzstatic.cn,t
emol.cl,emol.com,t
cdn-preorder.com,mindvalley.com,f
smugglr.co,smugglr.in,t
nike.com,nikecdn.com,t
saks.com,saksfifthavenue.com,t
2345.com,2345cdn.net,t
cisco.com,eloqua-assets.s3-us-west-2.amazonaws.com,f
brightspotcdn.com,moatads.com,f
hotjar.com,segment.com,f
akamaihd.net,tiqcdn.com,f
cdnmama.com,mama.cn,t
bigmir.net,img.com.ua,f
tu-tu.ru,tutu.ru,t
lastampa.it,lastampastatic.it,t
disqus.com,netdna-ssl.com,f
chartbeat.com,segment.com,f
yhd.com,yihaodianimg.com,t
google-analytics.com,googleadservices.com,t
cookielaw.org,googletagmanager.com,f
adobedtm.com,everestjs.net,f
hscta.net,hubspot.com,t
brisbanetimes.com.au,fairfaxstatic.com.au,f
sogou.com,sogoucdn.com,t
giraff.io,ok.ru,f
ajax.googleapis.com,bronto.com,f
criteo.net,indexww.com,f
3conline.com,pconline.com.cn,t
weather.com,wsi.com,t
bershka.com,bershka.net,t
capterra-static.com,capterra.com,t
googletagmanager.com,rmtag.com,f
livetv.sx,livetv275.me,t
food.com,sndimg.com,f
adobedtm.com,omtrdc.net,t
hs-scripts.com,hsleadflows.net,t
imguol.com.br,uol.com.br,t
dwin1.com,googletagmanager.com,f
aafp.net,aafp.org,t
1tv.ru,clients-cdnnow.ru,f
bild.de,bildstatic.de,t
bounceexchange.com,googletagmanager.com,f
crutchfield.com,crutchfieldonline.com,t
classistatic.com,kijiji.ca,t
dilcdn.com,go.com,f
googletagmanager.com,taboola.com,f
navitime.co.jp,navitime.jp,t
amplitude.com,segment.com,t
en25.com,googletagmanager.com,f
marketo.net,tiqcdn.com,f
xm-cdn.com,xm.com,t
himgs.com,hola.com,t
d2bnxibecyz4h5.cloudfront.net,surveygizmo.com,t
nikkei.com,nikkei.jp,t
mookie1.com,tiqcdn.com,f
staticwhich.co.uk,which.co.uk,t
azureedge.net,googletagmanager.com,f
cdn-solution.net,morgenpost.de,f
cdnassets.com,typepad.com,f
teamviewer.com,tv-static.net,t
trustedsite.com,ywxi.net,f
2mdn.net,nflximg.net,f
arlocdn.net,rutgers.edu,f
flightaware.com,flightcdn.com,t
avast.com,avcdn.net,t
homes.com,static-homes.com,t
singleplatform.co,singleplatform.com,t
jotform.com,jotform.io,t
google.cl,google.com,t
googletagmanager.com,licdn.com,f
binance.com,bnbstatic.com,t
bitauto.com,bitautoimg.com,t
ykimg.com,youku.com,t
pingan.com,pingan.com.cn,t
sankei.co.jp,sankei.com,t
fbcdn2.com,onedio.com,f
tinkoff.ru,tinkoffjournal.ru,t
hpage.com,site24x7static.com,f
consensu.org,evidon.com,f
kinja-static.com,taboola.com,f
ampproject.org,doubleclick.net,t
mozilla.net,mozilla.org,t
starbucks.com,starbucksassets.com,t
adsafeprotected.com,audiencemanager.de,f
facebook.net,mcclatchyinteractive.com,f
medpagetoday.com,medpagetoday.net,t
91-cdn.com,91mobiles.com,t
informer.com,webinfcdn.net,t
interactive-img.com,yotpo.com,f
google.de,googlesyndication.com,t
dq4irj27fs462.cloudfront.net,userlike.com,f
linicom.co.uk,linicom.com,t
cdntrf.com,merkur.de,f
aiv-cdn.net,amazon.com,t
baidu.com,bdstatic.com,t
cnevids.com,imasdk.googleapis.com,f
redbull.com,redbull.tv,t
googletagmanager.com,simpli.fi,f
bloglovin.com,blovcdn.com,t
awin1.com,redintelligence.net,f
facebook.net,sharethis.com,f
cookielaw.org,googleadservices.com,f
bookhostels.com,hostelworld.com,t
dstik9906m659.cloudfront.net,edvfwlacluo.com,f
twitch.tv,twitchcdn.net,t
d34yn14tavczy0.cloudfront.net,myfitnesspal.com,t
mediaset.it,mediaset.net,t
pornolab.cc,pornolab.net,t
sbx-cdn.com,swagbucks.com,t
nzz.ch,static-nzz.ch,t
btstatic.com,googletagmanager.com,f
ajax.googleapis.com,windows.net,f
brid.tv,imasdk.googleapis.com,f
upapi.net,videoplayerhub.com,f
soufun.com,soufunimg.com,t
xing.com,xingassets.com,t
hover-assets.s3.ca-central-1.amazonaws.com,hover.com,t
jiosaavn.com,saavncdn.com,t
nas.net,netaccess.ca,t
anvato.net,imasdk.googleapis.com,f
brightcove.net,google.com,f
bankcomm.com,bankcomm.com.hk,t
acuityplatform.com,yabidos.com,f
lazada.com,lazada.sg,t
heraldscotland.com,s1img.com,f
google.com,jwplatform.com,f
4399.com,4399pk.com,t
c4assets.com,channel4.com,t
outbrain.com,tiqcdn.com,f
costco-static.com,costco.com,t
toptal.com,toptal.io,t
check24.de,comparon.de,t
pplive.com,pptv.com,t
perimeterx.net,px-cdn.net,t
consumerreports.org,cr.org,t
dkstatic.s3.amazonaws.com,draftkings.com,t
cdnintech.com,intechopen.com,t
adnxs.com,tiqcdn.com,f
trustarc.com,truste.com,t
atwiki.jp,atwikiimg.com,t
amazon-adsystem.com,quantserve.com,f
livedoor.jp,livedoor.net,t
whatsapp.com,whatsapp.net,t
staticec.com,wto168.net,f
customink.com,yext-static.com,f
facebook.net,shopify.com,f
doubleclick.net,teads.tv,f
adobedtm.com,adsrvr.org,f
ted.com,tedcdn.com,t
ga.gov,georgia.gov,t
cedexis.com,citrix.com,t
care.com,cdn-care.com,t
aacdn.jp,allabout.co.jp,t
standaard.be,standaardcdn.be,t
gadgets360cdn.com,ndtv.com,f
rctiplus.com,rctiplus.id,t
akamaihd.net,browsiprod.com,f
intuit.com,intuitstatic.com,t
rakuten-sec.co.jp,rakuten-sec.net,t
google.com,googlecommerce.com,t
myntassets.com,myntra.com,t
jianshu.com,jianshu.io,t
doubleverify.com,tribalfusion.com,f
fsdn.com,sourceforge.net,t
f-cdn.com,freelancer.com,t
huim.com,liuzhuni.com,t
alfabank.ru,alfabank.st,t
trip.com,tripcdn.com,t
jsrdn.com,quantserve.com,f
googleadservices.com,thebrighttag.com,f
sascdn.com,sunmedia.tv,f
audiencedata.net,im-apps.net,f
adobedtm.com,criteo.net,f
inquirer.com,philly.com,t
googletagservices.com,lijit.com,f
googletagservices.com,powerad.ai,f
cookielaw.org,doubleclick.net,f
musixmatch.com,mxmcdn.net,t
pendo.io,storage.googleapis.com,f
adrcdn.com,marktplaats.nl,f
visualstudio.com,vsassets.io,t
cyol.com,cyol.net,t
doubleverify.com,w55c.net,f
storage.googleapis.com,triggeredmail.appspot.com,f
m-t.io,webgains.com,f
fandom.com,wikia-services.com,t
d26hddpfm66duo.cloudfront.net,degruyter.com,t
mcclatchyinteractive.com,qualtrics.com,f
duowan.com,yystatic.com,t
alaskaair.com,alaskaair.net,t
criteo.net,doubleclick.net,f
cloudflare.com,google-analytics.com,f
linksynergy.com,rmtag.com,f
badoo.com,badoocdn.com,t
google-analytics.com,trendmd.com,f
adnxs.com,doubleverify.com,f
anjuke.com,anjukestatic.com,t
google-analytics.com,pinimg.com,f
streamrail.com,streamrail.net,t
betfair.com,cdnppb.net,t
foodmate.com,foodmate.net,t
adsafeprotected.com,yahoo.com,f
blastingcdn.com,blastingnews.com,t
cybozu.co.jp,cybozu.com,t
px-cdn.net,recaptcha.net,f
secureservercdn.net,vagaro.com,f
ampproject.org,htlbid.com,f
eestatic.com,elespanol.com,t
doubleclick.net,quantserve.com,f
adobedtm.com,facebook.net,f
youzan.com,yzcdn.cn,t
widespace.com,ws-cdn.com,t
cookielaw.org,jquery.com,f
clarium.global.ssl.fastly.net,df80k0z3fi8zg.cloudfront.net,f
ifanr.cn,ifanr.com,t
adobedtm.com,youtube.com,f
book.com.tw,books.com.tw,t
audiencemanager.de,clarium.global.ssl.fastly.net,f
innertrends.com,innertrends.s3.amazonaws.com,t
wcentrix.com,wcentrix.net,t
itc.cn,sohu.com,t
idealo.de,idealo.net,t
2talk.com,zohostatic.com.au,f
rent.com,rentpathcdn.com,t
alicdn.com,mmstat.com,f
airpr.com,googletagmanager.com,f
omtrdc.net,tiqcdn.com,f
doubleclick.net,htlbid.com,f
dynatrace.com,ruxit.com,t
qcloudimg.com,tencent.com,t
basecamp-static.com,basecamp.com,t
360.cn,qikucdn.com,f
serving-sys.com,tiqcdn.com,f
panet.co.il,panet.eu,t
cookielaw.org,onetrust.com,t
alicdn.com,aliyun.com,t
ltwebstatic.com,romwe.com,f
cryptobrowser.site,cryptobrowser.store,t
criteo.net,googlesyndication.com,f
googletagmanager.com,useinsider.com,f
scdn.vn,sendo.vn,t
ecimg.tw,pchome.com.tw,f
dqy4nj26h99o5.cloudfront.net,patriots.com,t
1trust.app,cookielaw.org,t
garant.ru,luxupcdnc.com,f
zenfolio.com,zenfolio.net,t
googletagmanager.com,vimeocdn.com,f
bumbcdn.com,bumble.com,t
btstatic.com,facebook.net,f
eimg.jp,tv-tokyo.co.jp,f
itmedia.co.jp,itmedia.jp,t
eventim.com,eventim.de,t
naver.com,pstatic.net,t
artofmanliness.com,artofmanliness.leadpages.co,t
familysearch.org,fscdn.org,t
amazon.com,awsstatic.com,t
btstatic.com,google-analytics.com,f
immobilienscout24.de,static-immobilienscout24.de,t
googletagmanager.com,visualwebsiteoptimizer.com,f
goibibo.com,ibcdn.com,t
oracle.com,oraclecloud.com,t
cabelas.com,cabelasevents.com,t
connatix.com,google.com,f
duoduocdn.com,zhibo8.cc,f
adnxs.com,googletagmanager.com,f
agkn.com,googletagmanager.com,f
xiami.com,xiami.net,t
yandex.ru,yandex.st,t
ensighten.com,scorecardresearch.com,f
ensighten.com,outbrain.com,f
customink.com,dgsrxuwzm19d6.cloudfront.net,t
chartbeat.com,cloudflare.com,f
facebook.net,yjtag.jp,f
slid.es,slides.com,t
addthisedge.com,cloudflare.com,f
jquery.com,windows.net,f
acfun.cn,yximgs.com,f
bnidx.com,bravenet.com,t
baixing.com,baixing.net,t
bugmuncher.com,saberfeedback.com,t
clarium.global.ssl.fastly.net,creative-serving.com,f
bigcartel-admin.a.ssl.fastly.net,bigcartel.com,t
googlesyndication.com,indexww.com,f
myspace.com,myspacecdn.com,t
google.de,googletagservices.com,t
revolve.com,revolveassets.com,t
amazon-adsystem.com,googlesyndication.com,f
flock.co,flock.com,t
elpais.com,epimg.net,t
pipedriveassets.com,trezor.io,f
google.com,googletagmanager.com,t
meituan.com,meituan.net,t
2mdn.net,jwplayer.com,f
tiki.vn,tikicdn.com,t
computer-bild.de,computerbild.de,t
bmscdn.com,bookmyshow.com,t
cdntrex.com,porntrex.com,t
hs-scripts.com,hscollectedforms.net,t
googletagmanager.com,survicate.com,f
fc2.com,img-c.net,f
adobedtm.com,qualtrics.com,f
wpncdn.com,xcafe.com,f
jwpcdn.com,jwplatform.com,t
cloudflare.com,onesignal.com,f
sftcdn.net,softonic.com,t
livetv.sx,livetv262.me,t
dynamics.com,microsoft.com,t
ivideosmart.com,jsdelivr.net,f
zhihu.com,zhimg.com,t
live2support.com,proprofs.com,t
idcfcloud.net,im-apps.net,f
faz.net,fazcdn.net,t
googletagmanager.com,marketo.net,f
elsevier.com,elsevier.io,t
awin1.com,googletagservices.com,f
limetorrents.info,theonecdn.com,f
babytree.com,babytreeimg.com,t
arkadiumhosted.com,google-analytics.com,f
salesforce.com,sfdcstatic.com,t
renren.com,xnimg.cn,f
bitauto.com,qiche4s.cn,t
hautelookcdn.com,nordstromrack.com,t
kataweb.it,repstatic.it,t
intellitxt.com,quintesse.io,f
bkrtx.com,googletagmanager.com,f
adnxs.com,redintelligence.net,f
mn.gov,state.mn.us,t
googletagmanager.com,tvpixel.com,f
chairish-static-assets.freetls.fastly.net,chairish.com,t
idealo.com,idealo.de,t
doubleclick.net,pub.network,f
jalan.jp,jalan.net,t
appsflyer.com,googletagmanager.com,f
engageya.com,streamrail.com,f
adthrive.com,scorecardresearch.com,f
faireconomy.media,forexfactory.com,t
forbes.com,forbesimg.com,t
google.com,jwplayer.com,f
googletagservices.com,netdna-ssl.com,f
zara.com,zara.net,t
brightcove.net,zencdn.net,f
ad-score.com,revcontent.com,f
mfcimg.com,myfreecams.com,t
ads-twitter.com,tiqcdn.com,f
gravitec.media,gravitec.net,t
tiqcdn.com,tvsquared.com,f
miarroba.com,webcindario.com,t
assetsadobe.com,suntrust.com,f
flipkart.com,flipkart.net,t
etoro.com,etorostatic.com,t
yingjiesheng.com,yingjiesheng.net,t
mashable.com,mshcdn.com,t
forebase.ch,forebase.com,t
dotesports.com,gblcdn.com,f
redintelligence.net,webgains.com,f
ilcdn.fi,iltalehti.fi,t
privy.com,sharethis.com,f
cnevids.com,d2c8v52ll5s99u.cloudfront.net,f
amazon-adsystem.com,googletagmanager.com,f
discourse-cdn.com,google-analytics.com,f
cheqzone.com,outbrain.com,f
perfectmarket.com,scorecardresearch.com,f
blueconic.net,googletagmanager.com,f
wetter.com,wettercomassets.com,t
discourse-cdn.com,googletagmanager.com,f
static.am,youla.ru,f
quantcount.com,quantserve.com,t
vocab.com,vocabulary.com,t
ebates.com,ebates.kr,t
broom.no,tv2.no,t
detik.com,detik.net.id,t
tmcdn.co.nz,trademe.co.nz,t
skyrock.com,skyrock.net,t
netdna-ssl.com,youtube.com,f
economist.com,static-economist.com,t
rakuten.co.jp,rakuten.net,t
d26opx5dl8t69i.cloudfront.net,rfksrv.com,f
googletagmanager.com,lytics.io,f
ajax.googleapis.com,mailmunch.co,f
mixi.jp,mixi.net,t
ad6.fr,ad6media.fr,t
cdn-solution.net,tagesspiegel.de,f
theweathernetwork.com,twnmm.com,t
googletagmanager.com,inspectlet.com,f
krakow.pl,mpi.krakow.pl,t
outbrain.com,vidazoo.com,f
googletagmanager.com,sc-static.net,f
sahamyab.com,smartsupp-widget-161959.c.cdn77.org,f
cdn-tinkoff.ru,tinkoff.ru,t
facebook.net,keywee.co,f
nascar.com,nascar.media,t
addthisedge.com,twitter.com,f
sk-static.com,songkick.com,t
livetv.sx,livetv273.me,t
cdiscount.com,cdscdn.com,t
meizu.cn,meizu.com,t
bbc.co.uk,bbci.co.uk,t
brightcove.net,imasdk.googleapis.com,f
cdnjquery.com,pub.network,f
segment.com,tru.am,f
ck12.org,dvninqhj78q4x.cloudfront.net,t
googletagmanager.com,zdassets.com,f
manchestereveningnews.co.uk,wldcdn.net,f
olxcdn.com,otomoto.pl,f
cloudflare.com,mathjax.org,f
googletagmanager.com,techtarget.com,f
googletagmanager.com,xg4ken.com,f
whcdn.net,williamhill.com,t
fotocdn.net,fotostrana.ru,t
adnxs.com,criteo.com,f
tiqcdn.com,yimg.com,f
cdnpark.com,ru4.com,f
assets-landingi.com,joomag.com,f
joins.com,myskcdn.com,f
thebodyshop.co.uk,thebodyshop.com,t
carbonads.com,carbonads.net,t
betrad.com,mathtag.com,f
gittigidiyor.com,gittigidiyor.net,t
lichess.org,lichess1.org,t
telerik-web-assets.com,telerik.com,t
cnevids.com,facebook.net,f
sindonews.com,sindonews.tv,t
58pic.com,qiantucdn.com,f
2mdn.net,vdo.ai,f
bing.com,virtualearth.net,t
ptengine.com,ptengine.jp,t
pchome.net,zol-img.com.cn,f
livetv.sx,livetv252.me,t
gtimg.com,qq.com,t
ibm.com,ibm.net,t
jwpcdn.com,jwplayer.com,t
addthis.com,cloudflare.com,f
groupon.com,grouponcdn.com,t
ixbt.com,ixbt.video,t
arcpublishing.com,d3mo2m0b34ee8e.cloudfront.net,f
livejournal.com,livejournal.net,t
hepsiburada.com,hepsiburada.net,t
google.com,gstatic.com,t
cdn.gob.mx,sat.gob.mx,t
outbound.io,zendesk.com,t
dangdang.com,ddimg.cn,t
sapo.pt,tcimg.com,f
impactradius-event.com,tiqcdn.com,f
googletagmanager.com,pingdom.net,f
staticcache.org,williamhill.com,f
chinahr.com,chrstatic.com,t
dxy.cn,dxycdn.com,t
aimg.sk,aktuality.sk,t
watchmygirlfriend.tv,x1cdn.com,t
futurecdn.net,ultimedia.com,f
autotrader.com,autotraderspecialty.com,t
jwplatform.com,jwplayer.com,t
bing.com,ensighten.com,f
zoocdn.com,zoopla.co.uk,t
gopro.com,gp-static.com,t
googletagmanager.com,pushcrew.com,f
pub.network,quantserve.com,f
amazon-adsystem.com,kinja-static.com,f
doubleclick.net,segment.com,f
dlxobnwx015t0.cloudfront.net,netspend.com,t
pub.network,videoplayerhub.com,f
over-blog-kiwi.com,over-blog.com,t
mikrotik.com,mt.lv,t
zillow.com,zillowstatic.com,t
shabdkosh.com,shabdkosh.net,t
thinglink.com,thinglink.me,t
ffquan.cn,ffquan.com,t
krakow.pl,mpi1.krakow.pl,t
google.com,googletagservices.com,t
d1o9e4un86hhpc.cloudfront.net,oilprice.com,t
google-analytics.com,google.com,t
google-analytics.com,quantserve.com,f
ikea.com,ikea.net,t
filmweb.pl,fwcdn.pl,t
live-rutgers-foundation.pantheonsite.io,rutgers.edu,t
dell.com,dellcdn.com,t
doubleclick.net,yahoo.co.jp,f
smi2.ru,stat.media,t
1001fonts.com,1001fonts.net,t
doubleclick.net,gumgum.com,f
soccerway.com,swimg.net,t
microcapmillionairesummit.com,oxfordclub.com,t
facebook.net,netdna-ssl.com,f
doubleclick.net,thebrighttag.com,f
3dissue.com,pressjack.com,t
gongkong.com,gongkong.tv,t
freeskreen.com,smartadserver.com,f
xnxx-cdn.com,xnxx.com,t
oneplus.com,opstatics.com,t
liveperson.net,tiqcdn.com,f
moatads.com,postrelease.com,f
digitalgov.gov,googletagmanager.com,f
lawtime.cn,lawtimeimg.com,t
bankofengland.co.uk,bankofengland.education,t
cdnpub.info,iqoption.com,f
tcimg.net,truecar.com,t
cam4.com,xcdnpro.com,f
chatidcdn.com,walmart.com,f
adobe.com,adobelogin.com,t
cookiepro.com,google-analytics.com,f
adobedtm.com,demandbase.com,f
br.de,br24.de,t
dsmcdn.com,trendyol.com,f
pagecdn.io,programiz.com,f
yandex.net,yandex.st,t
taobao.com,taobao.tw,t
googletagmanager.com,mxpnl.com,f
googletagmanager.com,pardot.com,f
altmetric.com,d1bxh8uas1mnw7.cloudfront.net,f
tiqcdn.com,yahoo.com,f
addthisedge.com,facebook.net,f
ostkcdn.com,overstock.com,t
iop.org,iopscience.com,t
cloudflare.com,taboola.com,f
techpowerup.com,tpucdn.com,t
fullstory.com,googletagmanager.com,f
denofgeek.co.uk,denofgeek.com,t
adnxs.com,googletagservices.com,f
crateandbarrel.com,edgecasestatic.com,f
trenitalia.com,trenitalia.it,t
outbrain.com,sphere.com,f
amazon-adsystem.com,h-bid.com,f
jimdo.com,jimstatic.com,t
googletagmanager.com,lightboxcdn.com,f
pixfs.net,pixnet.net,t
criteo.net,googletagmanager.com,f
googletagmanager.com,gstatic.com,t
sierra.com,stpost.com,t
google-analytics.com,opta.net,f
t-x.io,ticketmaster.com,t
ajax.googleapis.com,optmnstr.com,f
list-manage.com,mailchimp.com,t
reimage.com,reimageplus.com,t
googletagmanager.com,igodigital.com,f
licdn.com,tiqcdn.com,f
googletagservices.com,tech426.com,f
dgtcdn.net,digitaltrends.com,t
bing.com,btstatic.com,f
pinimg.com,tiqcdn.com,f
googlesyndication.com,rubiconproject.com,f
zoznam.sk,zoznamstatic.sk,t
yahoo.co.jp,yimg.jp,t
porsche.cn,porsche.com,t
livetv.sx,livetv267.me,t
googletagmanager.com,tvsquared.com,f
adnext.fr,adverline.com,t
thenextweb.com,tnwcdn.com,t
prothom-alo.com,prothomalo.com,t
cookielaw.org,licdn.com,f
crazyegg.com,google-analytics.com,f
globalwebindex.net,segment.com,f
adform.net,kuponacdn.de,f
criteo.com,google-analytics.com,f
google-analytics.com,youtube.com,t
facebook.net,rbl.ms,f
rfihub.com,rfihub.net,t
marktplaats.net,marktplaats.nl,t
googletagmanager.com,liveperson.net,f
avplayer.com,playbuzz.com,f
facebook.net,pub.network,f
facebook.net,wp.com,f
ads-twitter.com,segment.com,f
opera.com,operacdn.com,t
hfdstatic.com,thehartford.com,t
aniview.com,avantisvideo.com,f
jrj.com,jrj.com.cn,t
googletagmanager.com,mookie1.com,f
adsafeprotected.com,flashtalking.com,f
honey.io,joinhoney.com,t
google-analytics.com,mcclatchyinteractive.com,f
360doc.cn,360doc.com,t
foresee.com,googletagmanager.com,f
rglcdn.com,rosegal.com,t
verizonwireless.com,vzw.com,t
nikon-cdn.com,nikonusa.com,t
googletagmanager.com,yimg.com,f
amplitude.com,mutinycdn.com,f
googletagservices.com,tiqcdn.com,f
criteo.net,speakol.com,f
google.com,imasdk.googleapis.com,t
androidauthority.com,androidauthority.net,t
pixiv.net,pixiv.org,t
cbsi.com,tiqcdn.com,f
gome.com.cn,meixincdn.com,f
dostuff-assets.s3.amazonaws.com,okayplayer.com,f
tcdn.nl,telegraaf.nl,t
hsstatic.net,hubspot.com,t
viator.com,vtrcdn.com,t
elong.com,elongstatic.com,t
glancecdn.net,walgreens.com,f
denofgeek.com,denofgeek.us,t
doubleclick.net,facebook.net,f
cbhomes.com,coldwellbankerhomes.com,t
bris.ac.uk,bristol.ac.uk,t
helpdocsonline.com,proprofs.com,t
avantisvideo.com,avplayer.com,t
air.tv,doubleclick.net,f
googletagmanager.com,terminus.services,f
jinshuju.net,jinshujucdn.com,t
cdnrbs.com.br,clicrbs.com.br,t
nordcdn.com,nordvpn.com,t
smct.co,smct.io,t
mediamarkt.de,mediamarkt.nl,t
edx-cdn.org,edx.org,t
cloudflare.com,scorecardresearch.com,f
digitru.st,spotxcdn.com,f
dfcfw.com,eastmoney.com,t
google.com,googlesyndication.com,t
dbs.com,dbs.com.sg,t
apkpure.com,cdnpure.com,f
cian.ru,cian.site,t
templatemonster.com,tmimgcdn.com,t
33across.com,tynt.com,f
cleartrip.com,waytogo-assets.s3-ap-southeast-1.amazonaws.com,f
mcstatic.com,metacafe.com,t
carbonmade.com,cmcdn.net,t
amazon-adsystem.com,dsh7ky7308k4b.cloudfront.net,f
idqqimg.com,qq.com,t
sendpulse.com,spcdn.org,t
ampproject.org,googletagservices.com,t
ugg.com,vtexassets.com,f
sascdn.com,smartadserver.com,t
cloudflare.com,twitter.com,f
brightcove.com,eloqua.com,f
adobedtm.com,bing.com,f
medium.com,parsely.com,f
canadapost.ca,postescanada-canadapost.ca,t
deployads.com,doubleclick.net,f
c-ctrip.com,ctrip.com,t
snssdk.com,toutiao.com,t
uniqlo.cn,uniqlo.com,t
onlystream.tv,osimg.co,t
nhl.com,nhle.com,t
oantagonista.com,oantagonista.net,t
babbel.com,babbel.news,t
bing.com,googletagmanager.com,f
clarium.global.ssl.fastly.net,redintelligence.net,f
adobedtm.com,yimg.com,f
sbr-statics.github.io,softbank.jp,t
oreilly.com,oreillystatic.com,t
ampproject.org,geoedge.be,f
yumpu.com,yumpu.news,t
scorecardresearch.com,segment.com,f
tf-cdn.com,tunefind.com,t
chomikuj.pl,static-chomikuj.pl,t
d1fc8wv8zag5ca.cloudfront.net,googletagmanager.com,f
allegro.pl,ngastatic.com,f
51cto.com,51ctocdn.cn,t
telegram.me,telegram.org,t
academia-assets.com,academia.edu,t
imimg.com,indiamart.com,t
rpp-noticias.io,rpp.pe,t
googletagmanager.com,livechatinc.com,f
earthsky.org,es-static.us,t
fareharbor.com,fareharbor.me,t
crazyegg.com,tiqcdn.com,f
cctv.com,cdn20.com,f
gitcdn.link,repec.org,f
jiaju.com,sina.com.cn,t
googletagmanager.com,static-pmc-li.s3-us-west-2.amazonaws.com,f
googletagmanager.com,hotjar.com,f
zoho.com,zohowebstatic.com,t
journey-service-assets-prod.s3.amazonaws.com,vanityfair.com,f
apester.com,streamrail.com,f
yle.fi,ylestatic.fi,t
cancerresearchuk.org,d4j2i6ubvolvu.cloudfront.net,t
adnxs.com,ampproject.org,f
doubleclick.net,googletagservices.com,t
doubleclick.net,hs-analytics.net,f
doubleclick.net,proper.io,f
chiccdn.com,newchic.com,t
coldwellbanker.com,static-ziprealty.com,f
googletagmanager.com,tiqcdn.com,f
target.com,targetimg1.com,t
twimg.com,twitter.com,t
livetv.sx,livetv278.me,t
cdn-payscale.com,payscale.com,t
1111210941.rsc.cdn77.org,techtimes.com,f